<keymap version="1" name="Windows copy" parent="$default">
  <action id="ActivateFavoritesToolWindow" />
  <action id="ActivateTerminalToolWindow">
    <keyboard-shortcut first-keystroke="alt f12" />
    <keyboard-shortcut first-keystroke="alt 2" />
  </action>
  <action id="CopyElement" />
  <action id="EditorBackwardParagraph">
    <keyboard-shortcut first-keystroke="page_up" />
  </action>
  <action id="EditorCloneCaretAbove">
    <keyboard-shortcut first-keystroke="ctrl up" />
  </action>
  <action id="EditorCloneCaretBelow">
    <keyboard-shortcut first-keystroke="ctrl down" />
  </action>
  <action id="EditorForwardParagraph">
    <keyboard-shortcut first-keystroke="page_down" />
  </action>
  <action id="EditorPageDown" />
  <action id="EditorPageUp" />
  <action id="EditorScrollDown" />
  <action id="EditorScrollToCenter" />
  <action id="EditorScrollUp" />
  <action id="ExternalSystem.RefreshAllProjects">
    <keyboard-shortcut first-keystroke="f5" />
  </action>
  <action id="GotoLine" />
  <action id="GotoRow" />
  <action id="Graph.ApplyCurrentLayout" />
  <action id="Javascript.Linters.EsLint.Fix">
    <keyboard-shortcut first-keystroke="ctrl alt l" />
  </action>
  <action id="List-scrollDown" />
  <action id="List-scrollUp" />
  <action id="NewElement">
    <keyboard-shortcut first-keystroke="ctrl g" />
    <keyboard-shortcut first-keystroke="alt insert" />
  </action>
  <action id="SearchEverywhere.NavigateToNextGroup">
    <keyboard-shortcut first-keystroke="ctrl down" />
  </action>
  <action id="SearchEverywhere.NavigateToPrevGroup">
    <keyboard-shortcut first-keystroke="ctrl up" />
  </action>
  <action id="Table-scrollDownChangeSelection" />
  <action id="Table-scrollUpChangeSelection" />
</keymap>