<keymap version="1" name="macOS copy 1" parent="Mac OS X 10.5+">
  <action id="EditorCloneCaretAbove">
    <keyboard-shortcut first-keystroke="shift alt k" />
  </action>
  <action id="EditorCloneCaretBelow">
    <keyboard-shortcut first-keystroke="shift alt j" />
  </action>
  <action id="QuickList.Git">
    <keyboard-shortcut first-keystroke="ctrl v" />
  </action>
  <action id="ShowPopupMenu">
    <keyboard-shortcut first-keystroke="alt enter" />
  </action>
  <action id="Vcs.QuickListPopupAction" />
</keymap>