<application>
  <component name="FileTypeManager" version="18">
    <extensionMap>
      <mapping pattern="helpers.ts" type="AUTO_DETECTED" />
      <mapping pattern="UserForm" type="AUTO_DETECTED" />
      <mapping ext="space.kts" type="Kotlin" />
      <mapping ext="gradle.kts" type="Kotlin" />
      <mapping ext="main.kts" type="Kotlin" />
      <mapping pattern="ErrorPage,js" type="PLAIN_TEXT" />
      <mapping pattern="vars" type="PLAIN_TEXT" />
      <mapping pattern=".ember-cli" type="PLAIN_TEXT" />
      <mapping pattern=".gitkeep" type="PLAIN_TEXT" />
      <mapping pattern="fasdf" type="PLAIN_TEXT" />
      <mapping pattern=".openapi-generator-ignore" type="PLAIN_TEXT" />
      <mapping ext="bck" type="PLAIN_TEXT" />
      <mapping ext="dist" type="PLAIN_TEXT" />
      <mapping pattern="singleCitation" type="XML" />
      <removed_mapping ext="apk" approved="true" type="ARCHIVE" />
      <removed_mapping pattern="*.css.kt" approved="true" type="CSS" />
      <removed_mapping ext="env" approved="true" type="Env File" />
      <removed_mapping ext="mustache" approved="true" type="Kotlin" />
      <removed_mapping ext="psd" approved="true" type="Image" />
      <removed_mapping pattern="*Template.kt" approved="true" type="HTML" />
    </extensionMap>
  </component>
</application>