<application>
  <component name="FindSettings">
    <option name="customScope" value="All Places" />
    <option name="defaultScopeName" value="All Places" />
    <option name="SEARCH_SCOPE" value="All Places" />
    <mask>*.css</mask>
    <mask>*.html</mask>
    <mask>*.xml</mask>
    <mask>*.jsp</mask>
    <mask>*.properties</mask>
    <mask>*.java</mask>
    <mask>*.jsx</mask>
    <mask>*.scss</mask>
    <mask>*.kt</mask>
    <mask>*.sh</mask>
    <mask>*.tf</mask>
    <mask>*kt</mask>
    <mask>*tf</mask>
    <mask>*ts</mask>
    <mask>*tsx</mask>
  </component>
</application>