<application>
  <component name="LanguageInjectionConfiguration">
    <injection language="RegExp" injector-id="kotlin">
      <display-name>Kotlin</display-name>
      <place><![CDATA[kotlinFunction().withParameters("css")]]></place>
      <place><![CDATA[kotlinParameter().ofFunction(0, kotlinFunction().withName("Regex").definedInClass("kotlin.text.Regex"))]]></place>
      <place><![CDATA[receiver().ofFunction(kotlinFunction().withName("toPattern").withReceiver("kotlin.String").definedInPackage("kotlin.text"))]]></place>
      <place><![CDATA[receiver().ofFunction(kotlinFunction().withName("toRegex").withReceiver("kotlin.String").definedInPackage("kotlin.text"))]]></place>
    </injection>
    <injection language="SCSS" injector-id="kotlin">
      <display-name>Styled Components</display-name>
      <prefix>&amp; {</prefix>
      <suffix>}</suffix>
      <place><![CDATA[receiver().ofFunction(kotlinFunction().withName("asCSS").withReceiver("kotlin.String"))]]></place>
    </injection>
  </component>
</application>