<application>
  <component name="ParameterNameHintsSettings">
    <blacklists>
      <blacklist language="Java">
        <added pattern="org.junit.Assert.assertEquals(expected,actual)" />
      </blacklist>
      <blacklist language="Groovy" />
    </blacklists>
    <option id="js.param.hints.show.names.for.all.args" value="true" />
    <disabledLanguages>
      <language id="JAVA" />
      <language id="kotlin" />
      <language id="Groovy" />
    </disabledLanguages>
  </component>
</application>