<application>
  <component name="libraryTable">
    <library name="Python 2.7.13 virtualenv at ~/Projekty/bbq/server/venv interpreter library">
      <CLASSES>
        <root url="file://$USER_HOME$/Projekty/bbq/server/venv/lib_pypy" />
        <root url="file://$USER_HOME$/Projekty/bbq/server/venv/lib-python/2.7" />
        <root url="file:///opt/pypy/lib_pypy" />
        <root url="file:///opt/pypy/lib-python/2.7" />
        <root url="file:///opt/pypy/lib-python/2.7/plat-linux2" />
        <root url="file:///opt/pypy/lib-python/2.7/lib-tk" />
        <root url="file://$USER_HOME$/Projekty/bbq/server/venv/site-packages" />
        <root url="file://$USER_HOME$/Projekty/bbq/server" />
        <root url="file://$USER_HOME$/Projekty/bbq/server/venv/site-packages/motor-1.1-py2.7.egg" />
        <root url="file://$USER_HOME$/Projekty/bbq/server/venv/site-packages/tornado-4.5.1-py2.7.egg" />
        <root url="file://$USER_HOME$/Projekty/bbq/server/venv/site-packages/futures-3.1.1-py2.7.egg" />
        <root url="jar://$USER_HOME$/Projekty/bbq/server/venv/site-packages/pymongo-3.4.0-py2.7.egg!/" />
        <root url="jar://$USER_HOME$/Projekty/bbq/server/venv/site-packages/backports_abc-0.5-py2.7.egg!/" />
        <root url="file://$USER_HOME$/Projekty/bbq/server/venv/site-packages/certifi-2017.4.17-py2.7.egg" />
        <root url="jar://$USER_HOME$/Projekty/bbq/server/venv/site-packages/singledispatch-3.4.0.3-py2.7.egg!/" />
        <root url="file://$USER_HOME$/.IntelliJIdea2017.1/system/python_stubs/-381303279" />
        <root url="file://$APPLICATION_PLUGINS_DIR$/python/helpers/python-skeletons" />
        <root url="file://$APPLICATION_PLUGINS_DIR$/python/helpers/typeshed/stdlib/2" />
        <root url="file://$APPLICATION_PLUGINS_DIR$/python/helpers/typeshed/stdlib/2and3" />
        <root url="file://$APPLICATION_PLUGINS_DIR$/python/helpers/typeshed/third_party/2" />
        <root url="file://$APPLICATION_PLUGINS_DIR$/python/helpers/typeshed/third_party/2and3" />
      </CLASSES>
      <JAVADOC />
      <SOURCES>
        <root url="file://$USER_HOME$/Projekty/bbq/server/venv/lib_pypy" />
        <root url="file://$USER_HOME$/Projekty/bbq/server/venv/lib-python/2.7" />
        <root url="file:///opt/pypy/lib_pypy" />
        <root url="file:///opt/pypy/lib-python/2.7" />
        <root url="file:///opt/pypy/lib-python/2.7/plat-linux2" />
        <root url="file:///opt/pypy/lib-python/2.7/lib-tk" />
        <root url="file://$USER_HOME$/Projekty/bbq/server/venv/site-packages" />
        <root url="file://$USER_HOME$/Projekty/bbq/server" />
        <root url="file://$USER_HOME$/Projekty/bbq/server/venv/site-packages/motor-1.1-py2.7.egg" />
        <root url="file://$USER_HOME$/Projekty/bbq/server/venv/site-packages/tornado-4.5.1-py2.7.egg" />
        <root url="file://$USER_HOME$/Projekty/bbq/server/venv/site-packages/futures-3.1.1-py2.7.egg" />
        <root url="jar://$USER_HOME$/Projekty/bbq/server/venv/site-packages/pymongo-3.4.0-py2.7.egg!/" />
        <root url="jar://$USER_HOME$/Projekty/bbq/server/venv/site-packages/backports_abc-0.5-py2.7.egg!/" />
        <root url="file://$USER_HOME$/Projekty/bbq/server/venv/site-packages/certifi-2017.4.17-py2.7.egg" />
        <root url="jar://$USER_HOME$/Projekty/bbq/server/venv/site-packages/singledispatch-3.4.0.3-py2.7.egg!/" />
        <root url="file://$USER_HOME$/.IntelliJIdea2017.1/system/python_stubs/-381303279" />
        <root url="file://$APPLICATION_PLUGINS_DIR$/python/helpers/python-skeletons" />
        <root url="file://$APPLICATION_PLUGINS_DIR$/python/helpers/typeshed/stdlib/2" />
        <root url="file://$APPLICATION_PLUGINS_DIR$/python/helpers/typeshed/stdlib/2and3" />
        <root url="file://$APPLICATION_PLUGINS_DIR$/python/helpers/typeshed/third_party/2" />
        <root url="file://$APPLICATION_PLUGINS_DIR$/python/helpers/typeshed/third_party/2and3" />
      </SOURCES>
    </library>
    <library name="Python 3.6.1 virtualenv at ~/Projekty/Django/App1/env interpreter library">
      <CLASSES>
        <root url="file://$USER_HOME$/Projekty/Django/App1/env/lib/python3.6" />
        <root url="file://$USER_HOME$/Projekty/Django/App1/env/lib/python3.6/lib-dynload" />
        <root url="file:///usr/lib64/python3.6" />
        <root url="file:///usr/lib/python3.6" />
        <root url="file://$USER_HOME$/Projekty/Django/App1/env/lib/python3.6/site-packages" />
        <root url="file://$USER_HOME$/.IntelliJIdea2017.1/system/python_stubs/-259392409" />
        <root url="file://$APPLICATION_PLUGINS_DIR$/python/helpers/python-skeletons" />
        <root url="file://$APPLICATION_PLUGINS_DIR$/python/helpers/typeshed/stdlib/3.6" />
        <root url="file://$APPLICATION_PLUGINS_DIR$/python/helpers/typeshed/stdlib/3.5" />
        <root url="file://$APPLICATION_PLUGINS_DIR$/python/helpers/typeshed/stdlib/3.4" />
        <root url="file://$APPLICATION_PLUGINS_DIR$/python/helpers/typeshed/stdlib/3.3" />
        <root url="file://$APPLICATION_PLUGINS_DIR$/python/helpers/typeshed/stdlib/3" />
        <root url="file://$APPLICATION_PLUGINS_DIR$/python/helpers/typeshed/stdlib/2and3" />
        <root url="file://$APPLICATION_PLUGINS_DIR$/python/helpers/typeshed/third_party/3" />
        <root url="file://$APPLICATION_PLUGINS_DIR$/python/helpers/typeshed/third_party/2and3" />
      </CLASSES>
      <JAVADOC />
      <SOURCES>
        <root url="file://$USER_HOME$/Projekty/Django/App1/env/lib/python3.6" />
        <root url="file://$USER_HOME$/Projekty/Django/App1/env/lib/python3.6/lib-dynload" />
        <root url="file:///usr/lib64/python3.6" />
        <root url="file:///usr/lib/python3.6" />
        <root url="file://$USER_HOME$/Projekty/Django/App1/env/lib/python3.6/site-packages" />
        <root url="file://$USER_HOME$/.IntelliJIdea2017.1/system/python_stubs/-259392409" />
        <root url="file://$APPLICATION_PLUGINS_DIR$/python/helpers/python-skeletons" />
        <root url="file://$APPLICATION_PLUGINS_DIR$/python/helpers/typeshed/stdlib/3.6" />
        <root url="file://$APPLICATION_PLUGINS_DIR$/python/helpers/typeshed/stdlib/3.5" />
        <root url="file://$APPLICATION_PLUGINS_DIR$/python/helpers/typeshed/stdlib/3.4" />
        <root url="file://$APPLICATION_PLUGINS_DIR$/python/helpers/typeshed/stdlib/3.3" />
        <root url="file://$APPLICATION_PLUGINS_DIR$/python/helpers/typeshed/stdlib/3" />
        <root url="file://$APPLICATION_PLUGINS_DIR$/python/helpers/typeshed/stdlib/2and3" />
        <root url="file://$APPLICATION_PLUGINS_DIR$/python/helpers/typeshed/third_party/3" />
        <root url="file://$APPLICATION_PLUGINS_DIR$/python/helpers/typeshed/third_party/2and3" />
      </SOURCES>
    </library>
    <library name="Python 3.6.2 virtualenv at ~/Projekty/couchsurfing-robot/env interpreter library">
      <CLASSES>
        <root url="file://$USER_HOME$/Projekty/couchsurfing-robot/env/lib/python3.6" />
        <root url="file://$USER_HOME$/Projekty/couchsurfing-robot/env/lib/python3.6/lib-dynload" />
        <root url="file:///usr/lib64/python3.6" />
        <root url="file:///usr/lib/python3.6" />
        <root url="file://$USER_HOME$/Projekty/couchsurfing-robot/env/lib/python3.6/site-packages" />
        <root url="file://$USER_HOME$/.IntelliJIdea2017.2/system/python_stubs/1023974372" />
        <root url="file://$APPLICATION_PLUGINS_DIR$/python/helpers/python-skeletons" />
        <root url="file://$APPLICATION_PLUGINS_DIR$/python/helpers/typeshed/stdlib/3.6" />
        <root url="file://$APPLICATION_PLUGINS_DIR$/python/helpers/typeshed/stdlib/3.5" />
        <root url="file://$APPLICATION_PLUGINS_DIR$/python/helpers/typeshed/stdlib/3.4" />
        <root url="file://$APPLICATION_PLUGINS_DIR$/python/helpers/typeshed/stdlib/3.3" />
        <root url="file://$APPLICATION_PLUGINS_DIR$/python/helpers/typeshed/stdlib/3" />
        <root url="file://$APPLICATION_PLUGINS_DIR$/python/helpers/typeshed/stdlib/2and3" />
        <root url="file://$APPLICATION_PLUGINS_DIR$/python/helpers/typeshed/third_party/3" />
        <root url="file://$APPLICATION_PLUGINS_DIR$/python/helpers/typeshed/third_party/2and3" />
      </CLASSES>
      <JAVADOC />
      <SOURCES>
        <root url="file://$USER_HOME$/Projekty/couchsurfing-robot/env/lib/python3.6" />
        <root url="file://$USER_HOME$/Projekty/couchsurfing-robot/env/lib/python3.6/lib-dynload" />
        <root url="file:///usr/lib64/python3.6" />
        <root url="file:///usr/lib/python3.6" />
        <root url="file://$USER_HOME$/Projekty/couchsurfing-robot/env/lib/python3.6/site-packages" />
        <root url="file://$USER_HOME$/.IntelliJIdea2017.2/system/python_stubs/1023974372" />
        <root url="file://$APPLICATION_PLUGINS_DIR$/python/helpers/python-skeletons" />
        <root url="file://$APPLICATION_PLUGINS_DIR$/python/helpers/typeshed/stdlib/3.6" />
        <root url="file://$APPLICATION_PLUGINS_DIR$/python/helpers/typeshed/stdlib/3.5" />
        <root url="file://$APPLICATION_PLUGINS_DIR$/python/helpers/typeshed/stdlib/3.4" />
        <root url="file://$APPLICATION_PLUGINS_DIR$/python/helpers/typeshed/stdlib/3.3" />
        <root url="file://$APPLICATION_PLUGINS_DIR$/python/helpers/typeshed/stdlib/3" />
        <root url="file://$APPLICATION_PLUGINS_DIR$/python/helpers/typeshed/stdlib/2and3" />
        <root url="file://$APPLICATION_PLUGINS_DIR$/python/helpers/typeshed/third_party/3" />
        <root url="file://$APPLICATION_PLUGINS_DIR$/python/helpers/typeshed/third_party/2and3" />
      </SOURCES>
    </library>
  </component>
</application>