<filetype binary="false" description="CSS (syntax highlighting only)" name="CSS">
  <highlighting>
    <options>
      <option name="LINE_COMMENT" value="" />
      <option name="COMMENT_START" value="/*" />
      <option name="COMMENT_END" value="*/" />
      <option name="HEX_PREFIX" value="" />
      <option name="NUM_POSTFIXES" value="" />
      <option name="HAS_BRACES" value="true" />
    </options>
    <keywords keywords="(:after);(:before);(:first-letter);(:first-line);(@counter-style);(@font-face);(@viewport);--*;::after;::backdrop;::before;::cue;::first-letter;::first-line;::placeholder;::selection;::slotted;:active;:checked;:default;:dir;:disabled;:empty;:enabled;:first;:first-child;:first-of-type;:focus;:fullscreen;:hover;:in-range;:indeterminate;:invalid;:lang;:last-child;:last-of-type;:left;:link;:not;:nth-child;:nth-last-child;:nth-last-of-type;:nth-of-type;:only-child;:only-of-type;:optional;:out-of-range;:read-only;:read-write;:required;:right;:root;:scope;:target;:valid;:visited;&lt;an-plus-b&gt;;&lt;angle&gt;;&lt;basic-shape&gt;;&lt;blend-mode&gt;;&lt;color&gt;;&lt;counter&gt;;&lt;custom-ident&gt;;&lt;display-box&gt;;&lt;display-inside&gt;;&lt;display-internal&gt;;&lt;display-legacy&gt;;&lt;display-listitem&gt;;&lt;display-outside&gt;;&lt;filter-function&gt;;&lt;flex&gt;;&lt;frequency&gt;;&lt;gradient&gt;;&lt;ident&gt;;&lt;image&gt;;&lt;integer&gt;;&lt;length&gt;;&lt;number&gt;;&lt;percentage&gt;;&lt;position&gt;;&lt;ratio&gt;;&lt;resolution&gt;;&lt;shape&gt;;&lt;string&gt;;&lt;time&gt;;&lt;timing-function&gt;;&lt;transform-function&gt;;&lt;url&gt;;@annotation;@bottom-center;@character-variant;@charset;@counter-style;@font-face;@font-feature-values;@historical-forms;@import;@keyframes;@left-bottom;@media;@namespace;@ornaments;@page;@right-bottom;@styleset;@stylistic;@supports;@swash;@top-center;@viewport;Hz;Q;additive-symbols;align-content;align-items;align-self;all;animation;animation-delay;animation-direction;animation-duration;animation-fill-mode;animation-iteration-count;animation-name;animation-play-state;animation-timing-function;annotation();attr();backface-visibility;background;background-attachment;background-blend-mode;background-clip;background-color;background-image;background-origin;background-position;background-repeat;background-size;block-size;blur();border;border-block;border-block-color;border-block-end;border-block-end-color;border-block-end-style;border-block-end-width;border-block-start;border-block-start-color;border-block-start-style;border-block-start-width;border-block-style;border-block-width;border-bottom;border-bottom-color;border-bottom-left-radius;border-bottom-right-radius;border-bottom-style;border-bottom-width;border-collapse;border-color;border-end-end-radius;border-end-start-radius;border-image;border-image-outset;border-image-repeat;border-image-slice;border-image-source;border-image-width;border-inline;border-inline-color;border-inline-end;border-inline-end-color;border-inline-end-style;border-inline-end-width;border-inline-start;border-inline-start-color;border-inline-start-style;border-inline-start-width;border-inline-style;border-inline-width;border-left;border-left-color;border-left-style;border-left-width;border-radius;border-right;border-right-color;border-right-style;border-right-width;border-spacing;border-start-end-radius;border-start-start-radius;border-style;border-top;border-top-color;border-top-left-radius;border-top-right-radius;border-top-style;border-top-width;border-width;bottom;box-decoration-break;box-shadow;box-sizing;break-after;break-before;break-inside;brightness();calc();caption-side;caret-color;ch;character-variant();circle();clamp();clear;clip;clip-path;cm;color;color-adjust;column-count;column-fill;column-gap;column-rule;column-rule-color;column-rule-style;column-rule-width;column-span;column-width;columns;conic-gradient();content;contrast();counter-increment;counter-reset;cross-fade();cubic-bezier();cursor;deg;direction;display;dpcm;dpi;dppx;drop-shadow();element();ellipse();em;empty-cells;env();ex;fallback;filter;fit-content();flex;flex-basis;flex-direction;flex-flow;flex-grow;flex-shrink;flex-wrap;float;font;font-family;font-feature-settings;font-kerning;font-language-override;font-optical-sizing;font-size;font-size-adjust;font-stretch;font-style;font-synthesis;font-variant;font-variant-alternates;font-variant-caps;font-variant-east-asian;font-variant-ligatures;font-variant-numeric;font-variant-position;font-variation-settings;font-weight;format();fr;frames();gap;grad;grayscale();grid;grid-area;grid-auto-columns;grid-auto-flow;grid-auto-rows;grid-column;grid-column-end;grid-column-start;grid-row;grid-row-end;grid-row-start;grid-template;grid-template-areas;grid-template-columns;grid-template-rows;hanging-punctuation;height;hsl();hsla();hue-rotate();hyphens;image();image-orientation;image-rendering;image-set();in;inherit;initial;inline-size;inset;inset();inset-block;inset-block-end;inset-block-start;inset-inline;inset-inline-end;inset-inline-start;invert();isolation;justify-content;justify-items;justify-self;kHz;leader();left;letter-spacing;line-break;line-height;linear-gradient();list-style;list-style-image;list-style-position;list-style-type;local();margin;margin-block;margin-block-end;margin-block-start;margin-bottom;margin-inline;margin-inline-end;margin-inline-start;margin-left;margin-right;margin-top;mask;mask-clip;mask-composite;mask-image;mask-mode;mask-origin;mask-position;mask-repeat;mask-size;mask-type;matrix();matrix3d();max();max-height;max-width;max-zoom;min();min-block-size;min-height;min-inline-size;min-width;min-zoom;minmax();mix-blend-mode;mm;ms;negative;object-fit;object-position;opacity;opacity();order;orientation;ornaments();orphans;outline;outline-color;outline-offset;outline-style;outline-width;overflow;overflow-wrap;overflow-x;overflow-y;pad;padding;padding-block;padding-block-end;padding-block-start;padding-bottom;padding-inline;padding-inline-end;padding-inline-start;padding-left;padding-right;padding-top;page-break-after;page-break-before;page-break-inside;pc;perspective;perspective();perspective-origin;place-content;place-items;place-self;pointer-events;polygon();position;prefix;pt;px;quotes;rad;radial-gradient();range;rect();rem;repeat();repeating-linear-gradient();repeating-radial-gradient();resize;revert;rgb();rgba();right;rotate;rotate();rotate3d();rotateX();rotateY();rotateZ();row-gap;s;saturate();scale;scale();scale3d();scaleX();scaleY();scaleZ();scroll-behavior;scroll-margin;scroll-margin-block;scroll-margin-block-end;scroll-margin-block-start;scroll-margin-bottom;scroll-margin-inline;scroll-margin-inline-end;scroll-margin-inline-start;scroll-margin-left;scroll-margin-right;scroll-margin-top;scroll-padding;scroll-padding-block;scroll-padding-block-end;scroll-padding-block-start;scroll-padding-bottom;scroll-padding-inline;scroll-padding-inline-end;scroll-padding-inline-start;scroll-padding-left;scroll-padding-right;scroll-padding-top;scroll-snap-align;scroll-snap-stop;scroll-snap-type;scrollbar-color;scrollbar-width;sepia();shape-image-threshold;shape-margin;shape-outside;skew();skewX();skewY();speak-as;src;steps();styleset();stylistic();suffix;swash();symbols;symbols();system;tab-size;table-layout;target-counter();target-counters();target-text();text-align;text-align-last;text-combine-upright;text-decoration;text-decoration-color;text-decoration-line;text-decoration-style;text-emphasis;text-emphasis-color;text-emphasis-position;text-emphasis-style;text-indent;text-justify;text-orientation;text-overflow;text-rendering;text-shadow;text-transform;text-underline-position;top;touch-action;transform;transform-box;transform-origin;transform-style;transition;transition-delay;transition-duration;transition-property;transition-timing-function;translate;translate();translate3d();translateX();translateY();translateZ();turn;unicode-bidi;unicode-range;unset;url();user-zoom;var();vertical-align;vh;visibility;vmax;vmin;vw;white-space;widows;width;will-change;word-break;word-spacing;word-wrap;writing-mode;x;z-index;zoom" ignore_case="false" />
    <keywords2 />
    <keywords3 />
    <keywords4 />
  </highlighting>
</filetype>