<application>
  <component name="MergeRequestIntegrationApplicationLevel">
    <Setting name="enable-request-cache" value="1" />
    <Setting name="save-mr-filter-state" value="1" />
    <Setting name="comments:group-comment-by-thread" value="0" />
    <Setting name="comments:display-comments-in-diff-view" value="0" />
    <Setting name="comments:show-add-comment-icons-in-diff-view-gutter" value="1" />
    <Setting name="code-review:checkout-target-branch" value="1" />
    <Setting name="code-review:max-diff-change-opened-automatically" value="10" />
  </component>
</application>