<application>
  <component name="ProjectManager">
    <defaultProject>
      <component name="Encoding">
        <file url="PROJECT" charset="UTF-8" />
      </component>
      <component name="GradleLocalSettings">
        <option name="modificationStamps">
          <map>
            <entry key="$USER_HOME$/Documents/DominationGame" value="7249367801655" />
            <entry key="$USER_HOME$/PeF/front-of-class/focservice" value="2946154013235" />
            <entry key="$USER_HOME$/code" value="1468246222000" />
            <entry key="$USER_HOME$/dash" value="2977154242317" />
            <entry key="$USER_HOME$/gs-uploading-files/complete" value="1476464473959" />
          </map>
        </option>
        <option name="projectSyncType">
          <map>
            <entry key="$USER_HOME$/Projekty/gokoan" value="PREVIEW" />
            <entry key="$USER_HOME$/Projekty/incomes-outgoes-register" value="PREVIEW" />
            <entry key="$USER_HOME$/Projekty/noSpoon/Neo/server" value="PREVIEW" />
            <entry key="$USER_HOME$/Projekty/noSpoon/Neo/tools/bts2kt" value="PREVIEW" />
            <entry key="$USER_HOME$/Projekty/noSpoon/korio" value="PREVIEW" />
            <entry key="$USER_HOME$/Projekty/noSpoon/korio/korio-vertx" value="PREVIEW" />
            <entry key="$USER_HOME$/Projekty/noSpoon/kotlin-fullstack-sample/frontend" value="PREVIEW" />
            <entry key="$USER_HOME$/Projekty/noSpoon/ktor-samples" value="PREVIEW" />
            <entry key="$USER_HOME$/Projekty/noSpoon/ktor-springer" value="PREVIEW" />
          </map>
        </option>
      </component>
      <component name="NodePackageJsonFileManager">
        <packageJsonPaths />
      </component>
      <component name="ProjectRootManager" version="2" languageLevel="JDK_1_6" project-jdk-name="1.8" project-jdk-type="JavaSDK" />
      <component name="ProjectViewState">
        <option name="autoscrollFromSource" value="true" />
        <option name="autoscrollToSource" value="true" />
        <option name="showExcludedFiles" value="true" />
        <option name="showLibraryContents" value="true" />
      </component>
      <component name="PropertiesComponent">
        <property name="nodejs_interpreter_path.stuck_in_default_project" value="undefined stuck path" />
        <property name="nodejs_npm_path_reset_for_default_project" value="true" />
        <property name="project.structure.last.edited" value="Project" />
        <property name="project.structure.proportion" value="0.0" />
        <property name="project.structure.side.proportion" value="0.0" />
        <property name="settings.editor.selected.configurable" value="configurable.group.appearance" />
      </component>
      <component name="RunManager">
        <configuration default="true" type="Applet" factoryName="Applet">
          <option name="POLICY_FILE" value="$APPLICATION_HOME_DIR$/bin/appletviewer.policy" />
          <method v="2">
            <option name="Make" enabled="true" />
          </method>
        </configuration>
        <configuration default="true" type="Application" factoryName="Application">
          <option name="WORKING_DIRECTORY" value="$PROJECT_DIR$" />
          <method v="2">
            <option name="Make" enabled="true" />
          </method>
        </configuration>
        <configuration default="true" type="JUnit" factoryName="JUnit">
          <option name="WORKING_DIRECTORY" value="$MODULE_DIR$" />
          <method v="2">
            <option name="Make" enabled="true" />
          </method>
        </configuration>
        <configuration default="true" type="TestNG" factoryName="TestNG">
          <option name="WORKING_DIRECTORY" value="$MODULE_DIR$" />
          <properties />
          <listeners />
          <method v="2">
            <option name="Make" enabled="true" />
          </method>
        </configuration>
      </component>
      <component name="VcsContentAnnotationSettings">
        <option name="myLimit" value="2678400000" />
      </component>
      <component name="masterDetails">
        <states>
          <state key="GlobalLibrariesConfigurable.UI">
            <settings>
              <splitter-proportions>
                <option name="proportions">
                  <list>
                    <option value="0.2" />
                  </list>
                </option>
              </splitter-proportions>
            </settings>
          </state>
          <state key="JdkListConfigurable.UI">
            <settings>
              <last-edited>1.8</last-edited>
              <splitter-proportions>
                <option name="proportions">
                  <list>
                    <option value="0.2" />
                  </list>
                </option>
              </splitter-proportions>
            </settings>
          </state>
          <state key="ProjectJDKs.UI">
            <settings>
              <last-edited>Python 3.7</last-edited>
              <splitter-proportions>
                <option name="proportions">
                  <list>
                    <option value="0.2" />
                  </list>
                </option>
              </splitter-proportions>
            </settings>
          </state>
          <state key="ProjectLibrariesConfigurable.UI">
            <settings>
              <splitter-proportions>
                <option name="proportions">
                  <list>
                    <option value="0.2" />
                  </list>
                </option>
              </splitter-proportions>
            </settings>
          </state>
          <state key="ScopeChooserConfigurable.UI">
            <settings>
              <splitter-proportions>
                <option name="proportions">
                  <list>
                    <option value="0.2" />
                  </list>
                </option>
              </splitter-proportions>
            </settings>
          </state>
        </states>
      </component>
    </defaultProject>
  </component>
</application>